set	index	offset_hz	atten_db	fade_db	wpm	start_s	end_s	text
01	1	-20000.0	-30.7	30.7	5	0.250	39.370	THE CAT SOFT RAIN BIG
01	2	-11000.0	-30.7	30.7	12	0.250	38.750	THE QUICK FOX THE NIGHT WIND IS COLD SOFT RAIN
01	3	-2000.0	-30.7	30.7	18	0.250	38.717	SEND A CLEAR WORD THE LAZY FOX AND THE HEN WATER IS COLD THE TRAIN IS NEAR
01	4	7000.0	-30.7	30.7	24	0.250	39.500	THE BROWN FOX JUMPS OVER PLEASE READ THE FIRST WORD THE HOUSE IS WARM A GREEN FIELD OF SHEEP HEAR
01	5	16000.0	-30.7	30.7	30	0.250	39.090	PLEASE READ THIS GOOD WORD THE BOAT IS ON THE LAKE MANY FISH IN THE RIVER SEND THIS TRUE WORD AGAIN CLOSE THE PATH SOFT RAIN
02	1	-18500.0	-29.7	29.7	6	0.250	39.250	RED HEN WATER IS COLD CAT
02	2	-9000.0	-29.7	29.7	10	0.250	38.290	BLUE BIRD THE TRAIN IS NEAR CLOSE THE PATH
02	3	1000.0	-29.7	29.7	16	0.250	39.475	A FAST RED FOX A GREEN FIELD OF SHEEP THE BOAT IS ON THE LAKE CLOSE
02	4	11000.0	-29.7	29.7	22	0.250	39.356	THE SMALL FISH SEND THIS TRUE WORD AGAIN CLOSE THE PATH THE NORTH STAR IS FAR A FAST RED FOX
02	5	21000.0	-29.7	29.7	28	0.250	39.290	PLEASE COPY THIS CLEAR WORD A FAST RED FOX THE HORSE IS HOME RED HEN AND THE DOG BLUE BIRD IN THE TREE A SOFT WIND A
03	1	-22000.0	-28.6	28.6	7	0.250	39.166	BIG DOG THE HOUSE IS WARM THE
03	2	-14000.0	-28.6	28.6	11	0.250	39.411	GREEN TREE MANY FISH IN THE RIVER CLOSE THE PATH
03	3	-5000.0	-28.6	28.6	15	0.250	39.050	OPEN THE PATH THE NORTH STAR IS FAR A FAST RED FOX A SOFT WIND
03	4	4000.0	-28.6	28.6	19	0.250	39.477	A WARM SUN DAY RED HEN AND THE DOG BLUE BIRD IN THE TREE DARK NIGHT ON THE HILL IN
03	5	13000.0	-28.6	28.6	26	0.250	39.336	THE HORSE IS HOME GOOD LIGHT ON THE PATH THE OLD BARN IS NEAR COPY THIS GOOD WORD THE SHEEP AND THE GOAT
03	6	22000.0	-28.6	28.6	30	0.250	39.330	SEND THE FULL TRUE COPY THE SHEEP AND THE GOAT LEFT OF THE GREEN FIELD YOU READ THIS SLOW WORD OPEN THE FAR PATH COPY A
04	1	-16000.0	-31.1	31.1	5	0.250	36.970	A HEN CLOSE THE PATH
04	2	-6000.0	-31.1	31.1	14	0.250	39.076	GOOD DAY TO YOU THE HORSE IS HOME RED HEN AND THE DOG IN
04	3	3000.0	-31.1	31.1	21	0.250	39.395	THE RIVER IS NEAR DARK NIGHT ON THE HILL GOOD LIGHT ON THE PATH THE OLD BARN IS NEAR CAT
04	4	15000.0	-31.1	31.1	29	0.250	39.432	PLEASE SEND A SLOW CLEAR COPY COPY THIS GOOD WORD THE SHEEP AND THE GOAT LEFT OF THE GREEN FIELD THE SUN IS WARM HEN
05	1	-19000.0	-27.7	27.7	8	0.250	39.400	SOFT RAIN BLUE BIRD IN THE TREE BIG
05	2	-12000.0	-27.7	27.7	13	0.250	39.298	THE OLD BARN THE OLD BARN IS NEAR THE SHEEP AND THE GOAT
05	3	-3000.0	-27.7	27.7	17	0.250	39.424	A BIG RED BARN LEFT OF THE GREEN FIELD YOU READ THIS SLOW WORD FULL
05	4	6000.0	-27.7	27.7	23	0.250	39.427	THE NIGHT WIND IS COLD A FULL TRUE COPY THE SUN IS WARM SEND THE CLEAR WORD A SOFT WIND AGAIN
05	5	17000.0	-27.7	27.7	30	0.250	39.170	THE QUICK BROWN FOX JUMPS OVER A SOFT WIND THE DOG IS BIG FAR HILL AND THE TREE THE CAT IS NEAR A WARM SUN DAY SOFT RAIN
06	1	-21000.0	-29.1	29.1	6	0.250	38.850	GOOD LIGHT A SOFT WIND
06	2	-13000.0	-29.1	29.1	9	0.250	38.783	FAR HILL OPEN THE FAR PATH COPY A
06	3	-4000.0	-29.1	29.1	15	0.250	39.210	READ THE WORD SEND THE CLEAR WORD A SOFT WIND THE DOG IS BIG A
06	4	5000.0	-29.1	29.1	20	0.250	39.070	A SMALL BOAT ON THE LAKE FAR HILL AND THE TREE THE CAT IS NEAR A WARM SUN DAY COPY
06	5	14000.0	-29.1	29.1	27	0.250	39.488	THE SHEEP AND THE GOAT THE QUICK BROWN FOX JUMPS OVER A WARM SUN DAY THE SMALL FISH GOOD DAY TO YOU HEN
06	6	21000.0	-29.1	29.1	30	0.250	39.250	PLEASE COPY THE TRUE WORD GOOD DAY TO YOU THE RIVER IS NEAR SOFT RAIN THE NIGHT WIND IS COLD A BIG RED FOX A SOFT WIND
07	1	-17500.0	-27.0	27.0	5	0.250	36.970	A CAT THE SUN IS WARM
07	2	-7500.0	-27.0	27.0	10	0.250	39.250	COPY THIS THE DOG IS BIG THE CAT IS NEAR A
07	3	2500.0	-27.0	27.0	18	0.250	39.383	HEAR THE LOUD BIRD PLEASE SEND A CLEAR COPY A WARM SUN DAY SOFT RAIN THE
07	4	12500.0	-27.0	27.0	25	0.250	39.466	THE LAZY FOX AND THE HEN THE SMALL FISH GOOD DAY TO YOU THE RIVER IS NEAR SOFT RAIN A BIG RED FOX THE
07	5	20000.0	-27.0	27.0	30	0.250	39.330	SEND A CLEAR COPY OF THIS WORD SOFT RAIN THE NIGHT WIND IS COLD A BIG RED FOX HEAR THE LOUD BIRD WATER IS COLD COPY
08	1	-15000.0	-30.0	30.0	9	0.250	38.783	DARK NIGHT THE CAT IS NEAR SOFT RAIN IN
08	2	-5000.0	-30.0	30.0	16	0.250	39.475	WATER IS COLD A WARM SUN DAY THE SMALL FISH GOOD DAY TO YOU A
08	3	4500.0	-30.0	30.0	22	0.250	38.920	THE TRAIN IS NEAR THE RIVER IS NEAR SOFT RAIN THE NIGHT WIND IS COLD A BIG RED FOX A SOFT WIND
08	4	15500.0	-30.0	30.0	28	0.250	39.204	PLEASE READ THE FIRST WORD A BIG RED FOX HEAR THE LOUD BIRD THE LAZY FOX AND THE HEN WATER IS COLD THE TRAIN IS NEAR
09	1	-20500.0	-28.1	28.1	7	0.250	39.166	LEFT PATH THE RIVER IS NEAR CAT
09	2	-10500.0	-28.1	28.1	14	0.250	39.419	THE HOUSE IS WARM THE NIGHT WIND IS COLD A BIG RED FOX RED
09	3	-1500.0	-28.1	28.1	19	0.250	39.224	A GREEN FIELD OF SHEEP THE LAZY FOX AND THE HEN WATER IS COLD THE TRAIN IS NEAR A
09	4	8500.0	-28.1	28.1	26	0.250	39.428	THE BOAT IS ON THE LAKE PLEASE READ THE FIRST WORD THE HOUSE IS WARM A GREEN FIELD OF SHEEP CLOSE THE PATH HEAR
09	5	18500.0	-28.1	28.1	30	0.250	39.090	THE QUICK BROWN FOX IS FAST THE BOAT IS ON THE LAKE MANY FISH IN THE RIVER SEND THIS TRUE WORD AGAIN CLOSE THE PATH COPY
10	1	-19500.0	-26.5	26.5	5	0.250	38.890	A DOG WATER IS COLD
10	2	-8500.0	-26.5	26.5	11	0.250	39.411	NORTH STAR THE TRAIN IS NEAR THE HOUSE IS WARM THE
10	3	1500.0	-26.5	26.5	17	0.250	38.859	CLOSE THE PATH A GREEN FIELD OF SHEEP THE BOAT IS ON THE LAKE SOFT RAIN
10	4	9500.0	-26.5	26.5	24	0.250	39.500	MANY FISH IN THE RIVER SEND THIS TRUE WORD AGAIN CLOSE THE PATH THE NORTH STAR IS FAR A FAST RED FOX A
10	5	19000.0	-26.5	26.5	29	0.250	39.349	SEND THIS TRUE WORD AGAIN A FAST RED FOX THE HORSE IS HOME RED HEN AND THE DOG BLUE BIRD IN THE TREE DARK NIGHT ON THE HILL A
